#{"t_start": 1527760205.946105, "gym_version": "0.9.7", "env_id": 1}
r,l,t
6,12,49.973308
2,10,53.54383
2,10,57.085887
