EpRewSEM,EVAfter,EVBefore,KL,EpRewMean,EpLenMean
3.95060406520371,-0.0013867362112209847,0.12437691465954348,0.0022482886,-91.75510204081633,91.91836734693878
