EVBefore,EpLenMean,EpRewSEM,EVAfter,KL,EpRewMean
0.014643941360569013,14.867986798679867,22.010444952874096,0.1040833245776348,0.0021379667,65.89108910891089
